Workout Date;Set;Weight (kg);Rep;MV (m/s)
15/02/2023;1;99.79;1;0.61
15/02/2023;1;99.79;2;0.72
15/02/2023;2;99.79;1;0.57
15/02/2023;2;99.79;2;0.52
15/02/2023;2;99.79;2;0.71
15/02/2023;2;99.79;3;0.66
15/02/2023;3;130.63;1;0.71
15/02/2023;3;130.63;2;0.6
15/02/2023;3;130.63;2;0.72
15/02/2023;3;130.63;3;0.68
15/02/2023;3;130.63;3;0.77
15/02/2023;3;130.63;4;0.6
15/02/2023;3;130.63;4;0.6
15/02/2023;3;130.63;5;0.54
13/10/2022;1;2;1;
13/10/2022;1;2;1;
13/10/2022;1;2;1;
13/10/2022;1;2;1;
13/10/2022;1;2;1;
13/10/2022;1;2;1;
13/10/2022;1;2;1;
13/10/2022;1;2;1;
13/10/2022;1;2;1;
13/10/2022;1;2;1;
13/10/2022;1;2;1;
13/10/2022;1;2;1;
13/10/2022;1;2;1;
13/10/2022;1;2;1;
13/10/2022;1;2;1;
13/10/2022;1;2;1;
13/10/2022;1;2;1;
13/10/2022;1;2;1;
13/10/2022;1;2;1;
13/10/2022;1;2;1;
13/10/2022;1;2;1;
13/10/2022;1;2;1;
13/10/2022;1;2;1;
13/10/2022;2;2;1;
13/10/2022;2;2;1;
13/10/2022;2;2;1;
13/10/2022;2;2;1;
13/10/2022;2;2;1;
13/10/2022;2;2;1;
13/10/2022;2;2;1;
11/09/2022;1;150;1;0.55
11/09/2022;1;150;2;1.34
11/09/2022;1;150;2;0.54
11/09/2022;1;150;3;1.43
11/09/2022;2;170;1;0.43
11/09/2022;3;200;1;0.29
11/09/2022;3;200;2;1.21
11/09/2022;3;200;2;0.32
11/09/2022;3;200;3;1.13
11/09/2022;3;200;3;0.31
11/09/2022;3;200;4;1.31
11/09/2022;4;200;1;0.31
11/09/2022;4;200;2;1.32
11/09/2022;4;200;2;0.31
11/09/2022;4;200;3;1.33
11/09/2022;4;200;3;0.3
11/09/2022;4;200;4;1.17
11/09/2022;5;200;1;0.32
11/09/2022;5;200;2;1.36
11/09/2022;5;200;2;0.28
11/09/2022;5;200;3;1.33
11/09/2022;5;200;3;0.26
11/09/2022;5;200;4;1.09
08/09/2022;1;100;1;0.64
08/09/2022;1;100;2;0.72
08/09/2022;2;100;1;0.69
08/09/2022;2;100;2;0.71
08/09/2022;3;130;1;0.51
08/09/2022;3;130;2;0.68
08/09/2022;4;130;1;0.54
08/09/2022;4;130;2;0.62
08/09/2022;5;130;1;0.61
08/09/2022;5;130;2;0.86
08/09/2022;6;150;1;0.41
08/09/2022;6;150;2;0.73
08/09/2022;6;150;2;0.55
08/09/2022;6;150;3;1.16
08/09/2022;6;150;3;0.47
08/09/2022;6;150;4;1.23
08/09/2022;7;170;1;0.47
08/09/2022;7;170;2;1.17
08/09/2022;8;170;1;0.48
08/09/2022;8;170;2;1.18
08/09/2022;9;200;1;0.32
08/09/2022;9;200;2;1.13
02/09/2022;1;60;1;0.78
02/09/2022;1;60;2;0.49
02/09/2022;1;60;2;0.7
02/09/2022;1;60;3;0.54
02/09/2022;1;60;3;0.72
02/09/2022;1;60;4;0.57
02/09/2022;2;60;1;0.69
02/09/2022;2;60;2;0.59
02/09/2022;2;60;2;0.67
02/09/2022;2;60;3;0.72
02/09/2022;2;60;3;0.79
02/09/2022;2;60;4;0.69
02/09/2022;3;100;1;0.6
02/09/2022;3;100;2;0.66
02/09/2022;3;100;2;0.72
02/09/2022;3;100;3;0.89
02/09/2022;3;100;3;0.7
02/09/2022;3;100;4;0.9
02/09/2022;4;130;1;0.63
02/09/2022;4;130;2;0.88
02/09/2022;4;130;2;0.64
02/09/2022;4;130;3;1.03
02/09/2022;5;130;1;0.47
02/09/2022;5;130;2;0.76
02/09/2022;5;130;2;0.57
02/09/2022;5;130;3;0.79
02/09/2022;6;150;1;0.49
02/09/2022;6;150;2;0.83
02/09/2022;6;150;2;0.5
02/09/2022;6;150;3;0.8
02/09/2022;7;170;1;0.41
02/09/2022;7;170;2;0.86
19/07/2022;1;150;1;0.51
19/07/2022;1;150;2;1.05
19/07/2022;1;150;2;0.58
19/07/2022;1;150;3;0.95
19/07/2022;2;170;1;0.46
19/07/2022;2;170;2;0.9
19/07/2022;3;200;1;0.3
19/07/2022;3;200;2;1
19/07/2022;4;200;1;0.3
19/07/2022;4;200;2;1.2
19/07/2022;5;190;1;0.34
19/07/2022;5;190;2;1.04
19/07/2022;5;190;2;0.29
19/07/2022;5;190;3;1.01
19/07/2022;5;190;3;0.29
19/07/2022;5;190;4;0.88
19/07/2022;5;190;4;0.31
19/07/2022;5;190;5;0.91
19/07/2022;5;190;5;0.27
19/07/2022;5;190;6;0.92
19/07/2022;5;190;6;0.28
19/07/2022;5;190;7;0.86
19/07/2022;6;190;1;0.35
19/07/2022;6;190;2;1.22
19/07/2022;6;190;2;0.35
19/07/2022;6;190;3;0.87
19/07/2022;6;190;3;0.31
19/07/2022;6;190;4;0.74
19/07/2022;6;190;4;0.29
19/07/2022;6;190;5;0.79
19/07/2022;6;190;5;0.28
19/07/2022;6;190;6;0.8
19/07/2022;6;190;6;0.3
19/07/2022;6;190;7;0.62
19/07/2022;7;190;1;0.28
19/07/2022;7;190;2;0.95
19/07/2022;7;190;2;0.3
19/07/2022;7;190;3;0.92
19/07/2022;7;190;3;0.3
19/07/2022;7;190;4;0.84
19/07/2022;7;190;4;0.29
19/07/2022;7;190;5;0.83
19/07/2022;7;190;5;0.28
19/07/2022;7;190;6;0.89
19/07/2022;7;190;6;0.25
19/07/2022;7;190;7;0.83
29/06/2022;1;170;1;0.45
29/06/2022;1;170;2;1.08
29/06/2022;2;200;1;0.37
29/06/2022;2;200;2;1.22
29/06/2022;3;230;1;0.24
29/06/2022;3;230;2;0.9
10/06/2022;1;150;1;0.53
10/06/2022;1;150;2;0.88
10/06/2022;1;150;2;0.58
10/06/2022;1;150;3;0.94
10/06/2022;2;170;1;0.42
10/06/2022;2;170;2;1.11
10/06/2022;3;170;1;0.49
10/06/2022;3;170;2;1.16
10/06/2022;4;170;1;0.45
10/06/2022;4;170;2;1.24
10/06/2022;5;200;1;0.35
10/06/2022;5;200;2;1.22
10/06/2022;6;220;1;0.26
10/06/2022;6;220;2;0.78
10/06/2022;7;170;1;0.32
10/06/2022;7;170;2;1.06
10/06/2022;7;170;2;0.4
10/06/2022;7;170;3;1.13
10/06/2022;7;170;3;0.38
10/06/2022;7;170;4;1.17
10/06/2022;7;170;4;0.39
10/06/2022;7;170;5;1.13
10/06/2022;7;170;5;0.35
10/06/2022;7;170;6;1.01
10/06/2022;7;170;6;0.32
10/06/2022;7;170;7;1.19
10/06/2022;7;170;7;0.31
10/06/2022;7;170;8;1.25
10/06/2022;7;170;8;0.31
10/06/2022;7;170;9;1.05
10/06/2022;8;170;1;0.33
10/06/2022;8;170;2;1.02
10/06/2022;8;170;2;0.35
10/06/2022;8;170;3;1.11
10/06/2022;8;170;3;0.35
10/06/2022;8;170;4;1.1
10/06/2022;8;170;4;0.34
10/06/2022;8;170;5;1.01
10/06/2022;8;170;5;0.32
10/06/2022;8;170;6;1.04
10/06/2022;8;170;6;0.31
10/06/2022;8;170;7;0.91
08/05/2022;1;110;1;0.65
08/05/2022;1;110;2;0.52
08/05/2022;1;110;2;0.72
08/05/2022;1;110;3;0.83
08/05/2022;2;150;1;0.49
08/05/2022;2;150;2;0.79
08/05/2022;3;150;1;0.54
08/05/2022;3;150;2;0.97
08/05/2022;4;190;1;0.3
08/05/2022;4;190;2;1.03
08/05/2022;5;190;1;0.33
08/05/2022;5;190;2;1.03
08/05/2022;6;212;1;0.26
08/05/2022;6;212;2;0.8
08/05/2022;7;190;1;0.31
08/05/2022;7;190;2;1.03
08/05/2022;7;190;2;0.29
08/05/2022;7;190;3;1.04
08/05/2022;7;190;3;0.27
08/05/2022;7;190;4;0.74
28/04/2022;1;150;1;0.67
28/04/2022;1;150;2;0.39
08/02/2022;1;150;1;0.59
08/02/2022;1;150;2;1.04
08/02/2022;2;170;1;0.52
08/02/2022;2;170;2;0.93
08/02/2022;3;200;1;0.34
08/02/2022;3;200;2;0.97
08/02/2022;4;190;1;0.32
08/02/2022;4;190;2;1
08/02/2022;4;190;2;0.37
08/02/2022;4;190;3;0.76
08/02/2022;4;190;3;0.34
08/02/2022;4;190;4;0.71
08/02/2022;4;190;4;0.3
08/02/2022;4;190;5;0.71
08/02/2022;4;190;5;0.29
08/02/2022;4;190;6;0.79
08/02/2022;5;190;1;0.29
08/02/2022;5;190;2;0.86
08/02/2022;5;190;2;0.35
08/02/2022;5;190;3;0.84
08/02/2022;5;190;3;0.33
08/02/2022;5;190;4;0.81
08/02/2022;5;190;4;0.3
08/02/2022;5;190;5;0.73
08/02/2022;5;190;5;0.29
08/02/2022;5;190;6;0.9
03/02/2022;1;150;1;0.54
03/02/2022;1;150;2;1.02
03/02/2022;2;150;1;0.58
03/02/2022;2;150;2;0.97
03/02/2022;3;170;1;0.44
03/02/2022;3;170;2;1.06
03/02/2022;4;170;1;0.42
03/02/2022;4;170;2;1.14
03/02/2022;5;200;1;0.24
03/02/2022;5;200;2;0.96
25/01/2022;1;150;1;0.56
25/01/2022;1;150;2;1.04
25/01/2022;2;170;1;0.46
25/01/2022;2;170;2;0.95
25/01/2022;3;200;1;0.32
25/01/2022;3;200;2;0.97
25/01/2022;4;180;1;0.38
25/01/2022;4;180;2;0.97
25/01/2022;4;180;2;0.42
25/01/2022;4;180;3;1.01
25/01/2022;4;180;3;0.4
25/01/2022;4;180;4;0.94
25/01/2022;4;180;4;0.37
25/01/2022;4;180;5;1.13
25/01/2022;4;180;5;0.34
25/01/2022;4;180;6;1.11
25/01/2022;5;180;1;0.34
25/01/2022;5;180;2;1.03
25/01/2022;5;180;2;0.4
25/01/2022;5;180;3;1.05
25/01/2022;5;180;3;0.37
25/01/2022;5;180;4;1.14
25/01/2022;5;180;4;0.31
25/01/2022;5;180;5;1.08
25/01/2022;5;180;5;0.31
25/01/2022;5;180;6;1.1
25/01/2022;6;180;1;0.36
25/01/2022;6;180;2;0.99
25/01/2022;6;180;2;0.43
25/01/2022;6;180;3;0.98
25/01/2022;6;180;3;0.4
25/01/2022;6;180;4;0.8
25/01/2022;6;180;4;0.36
25/01/2022;6;180;5;0.9
25/01/2022;6;180;5;0.33
25/01/2022;6;180;6;0.84
03/12/2021;1;150;1;0.63
03/12/2021;1;150;2;0.99
03/12/2021;1;150;2;0.64
03/12/2021;1;150;3;0.99
03/12/2021;2;170;1;0.53
03/12/2021;2;170;2;0.95
03/12/2021;3;200;1;0.39
03/12/2021;3;200;2;1.08
03/12/2021;4;240;1;0.29
03/12/2021;4;240;2;0.8
03/12/2021;5;250;1;0.25
03/12/2021;5;250;2;0.55
26/11/2021;1;170;1;0.54
26/11/2021;1;170;2;0.99
26/11/2021;2;200;1;0.42
26/11/2021;2;200;2;0.92
26/11/2021;3;230;1;0.3
26/11/2021;3;230;2;0.9
26/11/2021;4;180;1;0.45
26/11/2021;4;180;2;0.94
26/11/2021;4;180;2;0.51
26/11/2021;4;180;3;0.9
26/11/2021;4;180;3;0.48
26/11/2021;4;180;4;0.96
26/11/2021;4;180;4;0.46
26/11/2021;4;180;5;0.92
26/11/2021;4;180;5;0.45
26/11/2021;4;180;6;0.96
26/11/2021;4;180;6;0.41
26/11/2021;4;180;7;1.09
26/11/2021;4;180;7;0.42
26/11/2021;4;180;8;1.13
26/11/2021;4;180;8;0.42
26/11/2021;4;180;9;1
26/11/2021;4;180;9;0.42
26/11/2021;4;180;10;1
26/11/2021;4;180;10;0.41
26/11/2021;4;180;11;0.88
26/11/2021;4;180;11;0.37
26/11/2021;4;180;12;1.11
26/11/2021;4;180;12;0.35
26/11/2021;4;180;13;1
26/11/2021;4;180;13;0.32
26/11/2021;4;180;14;0.89
26/11/2021;4;180;14;0.3
26/11/2021;4;180;15;0.68
26/11/2021;4;180;15;0.28
26/11/2021;4;180;16;0.88
26/11/2021;4;180;16;0.24
26/11/2021;4;180;17;0.87
26/11/2021;5;180;1;0.46
26/11/2021;5;180;2;1.15
26/11/2021;5;180;2;0.54
26/11/2021;5;180;3;1.14
26/11/2021;5;180;3;0.5
26/11/2021;5;180;4;1.25
26/11/2021;5;180;4;0.5
26/11/2021;5;180;5;1.31
26/11/2021;5;180;5;0.51
26/11/2021;5;180;6;1.21
26/11/2021;5;180;6;0.42
26/11/2021;5;180;7;1.22
26/11/2021;5;180;7;0.43
26/11/2021;5;180;8;1.14
26/11/2021;5;180;8;0.43
26/11/2021;5;180;9;0.99
26/11/2021;5;180;9;0.35
26/11/2021;5;180;10;0.94
26/11/2021;5;180;10;0.38
26/11/2021;5;180;11;1.06
26/11/2021;5;180;11;0.35
26/11/2021;5;180;12;0.88
26/11/2021;5;180;12;0.27
26/11/2021;5;180;13;0.89
26/11/2021;5;180;13;0.29
26/11/2021;5;180;14;0.96
26/11/2021;5;180;14;0.22
26/11/2021;5;180;15;0.85
20/11/2021;1;240;1;0.26
20/11/2021;2;200;1;0.38
20/11/2021;2;200;2;0.42
20/11/2021;2;200;3;0.36
20/11/2021;2;200;4;0.4
20/11/2021;2;200;5;0.37
20/11/2021;2;200;6;0.32
20/11/2021;2;200;7;0.3
20/11/2021;2;200;8;0.31
20/11/2021;2;200;9;0.27
20/11/2021;2;200;10;0.25
25/08/2021;1;150;1;0.57
25/08/2021;1;150;2;0.91
25/08/2021;1;150;2;0.57
25/08/2021;1;150;3;1
25/08/2021;2;170;1;0.46
25/08/2021;2;170;2;1.04
25/08/2021;3;200;1;0.33
25/08/2021;3;200;2;0.8
25/08/2021;4;170;1;0.45
25/08/2021;4;170;2;0.98
25/08/2021;4;170;2;0.46
25/08/2021;4;170;3;0.92
25/08/2021;4;170;3;0.49
25/08/2021;4;170;4;0.94
25/08/2021;4;170;4;0.41
25/08/2021;4;170;5;0.92
25/08/2021;4;170;5;0.44
25/08/2021;4;170;6;0.93
28/07/2021;1;120;1;0.67
28/07/2021;1;120;2;0.92
28/07/2021;1;120;2;0.5
28/07/2021;2;150;1;0.57
28/07/2021;2;150;2;1.07
28/07/2021;3;150;1;0.56
28/07/2021;3;150;2;1.21
28/07/2021;3;150;2;0.56
28/07/2021;3;150;3;1.15
28/07/2021;4;170;1;0.44
28/07/2021;4;170;2;1.32
28/07/2021;5;200;1;0.28
28/07/2021;5;200;2;0.89
28/07/2021;6;200;1;0.34
28/07/2021;6;200;2;0.89
28/07/2021;7;200;1;0.29
28/07/2021;7;200;2;1.1
28/07/2021;8;120;1;0.51
28/07/2021;8;120;2;0.79
28/07/2021;8;120;2;0.49
28/07/2021;8;120;3;0.96
28/07/2021;8;120;3;0.54
28/07/2021;8;120;4;0.91
28/07/2021;8;120;4;0.56
28/07/2021;8;120;5;0.9
28/07/2021;8;120;5;0.56
28/07/2021;8;120;6;0.86
28/07/2021;8;120;6;0.58
28/07/2021;8;120;7;0.87
28/07/2021;8;120;7;0.58
28/07/2021;8;120;8;0.93
28/07/2021;8;120;8;0.56
28/07/2021;8;120;9;0.86
28/07/2021;8;120;9;0.54
28/07/2021;8;120;10;0.92
28/07/2021;8;120;10;0.57
28/07/2021;8;120;11;0.9
28/07/2021;8;120;11;0.52
28/07/2021;8;120;12;0.87
28/07/2021;8;120;12;0.51
28/07/2021;8;120;13;0.9
28/07/2021;8;120;13;0.48
28/07/2021;8;120;14;0.87
28/07/2021;8;120;14;0.52
28/07/2021;8;120;15;0.93
28/07/2021;8;120;15;0.49
28/07/2021;8;120;16;0.92
28/07/2021;8;120;16;0.47
28/07/2021;8;120;17;0.92
28/07/2021;8;120;17;0.45
28/07/2021;8;120;18;0.92
28/07/2021;8;120;18;0.37
28/07/2021;8;120;19;0.83
28/07/2021;8;120;19;0.39
28/07/2021;8;120;20;0.85
28/07/2021;8;120;20;0.41
28/07/2021;8;120;21;0.88
28/07/2021;8;120;21;0.42
28/07/2021;8;120;22;0.95
28/07/2021;8;120;22;0.42
28/07/2021;8;120;23;0.88
28/07/2021;8;120;23;0.4
28/07/2021;8;120;24;0.79
28/07/2021;8;120;24;0.38
28/07/2021;8;120;25;0.84
28/07/2021;8;120;25;0.38
28/07/2021;8;120;26;0.7
28/07/2021;8;120;26;0.37
28/07/2021;8;120;27;0.86
28/07/2021;8;120;27;0.4
28/07/2021;8;120;28;0.85
28/07/2021;8;120;28;0.43
28/07/2021;8;120;29;0.81
28/07/2021;8;120;29;0.41
28/07/2021;8;120;30;0.74
28/07/2021;8;120;30;0.45
28/07/2021;8;120;31;0.89
28/07/2021;8;120;31;0.4
28/07/2021;8;120;32;0.79
28/07/2021;8;120;32;0.38
28/07/2021;8;120;33;0.75
28/07/2021;8;120;33;0.32
28/07/2021;8;120;34;0.72
28/07/2021;8;120;34;0.4
28/07/2021;8;120;35;0.9
28/07/2021;8;120;35;0.43
28/07/2021;8;120;36;0.89
28/07/2021;8;120;36;0.41
28/07/2021;8;120;37;0.87
28/07/2021;8;120;37;0.4
28/07/2021;8;120;38;0.71
28/07/2021;8;120;38;0.37
28/07/2021;8;120;39;0.88
28/07/2021;8;120;39;0.35
28/07/2021;8;120;40;0.88
28/07/2021;8;120;40;0.35
28/07/2021;8;120;41;0.83
21/07/2021;1;120;1;0.66
21/07/2021;1;120;2;0.92
21/07/2021;1;120;2;0.71
21/07/2021;1;120;3;0.91
21/07/2021;1;120;3;0.7
21/07/2021;1;120;4;0.96
21/07/2021;2;150;1;0.58
21/07/2021;2;150;2;1.08
21/07/2021;2;150;2;0.57
21/07/2021;2;150;3;1.18
21/07/2021;3;150;1;0.59
21/07/2021;3;150;2;1.28
21/07/2021;3;150;2;0.59
21/07/2021;3;150;3;1.42
21/07/2021;4;170;1;0.45
21/07/2021;4;170;2;1.12
21/07/2021;5;170;1;0.45
21/07/2021;5;170;2;1.02
21/07/2021;6;120;1;0.53
21/07/2021;6;120;2;0.93
21/07/2021;6;120;2;0.61
21/07/2021;6;120;3;0.93
21/07/2021;6;120;3;0.62
21/07/2021;6;120;4;0.87
21/07/2021;6;120;4;0.65
21/07/2021;6;120;5;0.92
21/07/2021;6;120;5;0.67
21/07/2021;6;120;6;0.87
21/07/2021;6;120;6;0.66
21/07/2021;6;120;7;0.95
21/07/2021;6;120;7;0.66
21/07/2021;6;120;8;0.9
21/07/2021;6;120;8;0.66
21/07/2021;6;120;9;0.9
21/07/2021;6;120;9;0.63
21/07/2021;6;120;10;0.97
21/07/2021;6;120;10;0.63
21/07/2021;6;120;11;0.9
21/07/2021;6;120;11;0.6
21/07/2021;6;120;12;1.07
21/07/2021;6;120;12;0.54
21/07/2021;6;120;13;0.89
21/07/2021;6;120;13;0.58
21/07/2021;6;120;14;0.92
21/07/2021;6;120;14;0.56
21/07/2021;6;120;15;0.93
21/07/2021;6;120;15;0.54
21/07/2021;6;120;16;0.88
21/07/2021;6;120;16;0.53
21/07/2021;6;120;17;0.85
21/07/2021;6;120;17;0.45
21/07/2021;6;120;18;0.97
21/07/2021;6;120;18;0.49
21/07/2021;6;120;19;0.89
21/07/2021;6;120;19;0.41
21/07/2021;6;120;20;1.01
21/07/2021;6;120;20;0.41
21/07/2021;6;120;21;0.84
21/07/2021;7;120;1;0.6
21/07/2021;7;120;2;0.99
21/07/2021;7;120;2;0.63
21/07/2021;7;120;3;0.95
21/07/2021;7;120;3;0.65
21/07/2021;7;120;4;0.91
21/07/2021;7;120;4;0.66
21/07/2021;7;120;5;0.94
21/07/2021;7;120;5;0.67
21/07/2021;7;120;6;0.9
21/07/2021;7;120;6;0.66
21/07/2021;7;120;7;0.92
21/07/2021;7;120;7;0.69
21/07/2021;7;120;8;0.93
21/07/2021;7;120;8;0.65
21/07/2021;7;120;9;0.97
21/07/2021;7;120;9;0.62
21/07/2021;7;120;10;0.94
21/07/2021;7;120;10;0.6
21/07/2021;7;120;11;0.91
21/07/2021;7;120;11;0.56
21/07/2021;7;120;12;1
21/07/2021;7;120;12;0.56
21/07/2021;7;120;13;0.99
21/07/2021;7;120;13;0.53
21/07/2021;7;120;14;0.9
21/07/2021;7;120;14;0.47
21/07/2021;7;120;15;0.91
21/07/2021;7;120;15;0.48
21/07/2021;7;120;16;0.93
21/07/2021;7;120;16;0.47
21/07/2021;7;120;17;0.86
21/07/2021;7;120;17;0.45
21/07/2021;7;120;18;0.93
21/07/2021;7;120;18;0.44
21/07/2021;7;120;19;0.81
21/07/2021;7;120;19;0.43
21/07/2021;7;120;20;0.81
21/07/2021;7;120;20;0.41
21/07/2021;7;120;21;0.93
14/07/2021;1;120;1;0.71
14/07/2021;1;120;2;0.87
14/07/2021;1;120;2;0.76
14/07/2021;1;120;3;0.98
14/07/2021;2;150;1;0.57
14/07/2021;2;150;2;1.2
14/07/2021;2;150;2;0.65
14/07/2021;2;150;3;1.23
14/07/2021;3;170;1;0.48
14/07/2021;3;170;2;1.28
14/07/2021;3;170;2;0.53
14/07/2021;3;170;3;1.39
14/07/2021;4;210;1;0.28
14/07/2021;4;210;2;1.19
14/07/2021;5;210;1;0.31
14/07/2021;5;210;2;0.96
14/07/2021;6;150;1;0.52
14/07/2021;6;150;2;1.01
14/07/2021;6;150;2;0.53
14/07/2021;6;150;3;0.91
14/07/2021;6;150;3;0.61
14/07/2021;6;150;4;0.94
14/07/2021;6;150;4;0.53
14/07/2021;6;150;5;0.97
14/07/2021;6;150;5;0.58
14/07/2021;6;150;6;0.92
14/07/2021;6;150;6;0.54
14/07/2021;6;150;7;0.97
14/07/2021;6;150;7;0.48
14/07/2021;6;150;8;1.04
14/07/2021;6;150;8;0.48
14/07/2021;6;150;9;1.07
14/07/2021;6;150;9;0.47
14/07/2021;6;150;10;0.99
14/07/2021;6;150;10;0.45
14/07/2021;6;150;11;1.14
14/07/2021;6;150;11;0.39
14/07/2021;6;150;12;1.06
14/07/2021;6;150;12;0.41
14/07/2021;6;150;13;0.96
14/07/2021;6;150;13;0.35
14/07/2021;6;150;14;0.94
14/07/2021;6;150;14;0.38
14/07/2021;6;150;15;0.85
14/07/2021;6;150;15;0.33
14/07/2021;6;150;16;1.11
14/07/2021;6;150;16;0.35
14/07/2021;6;150;17;0.87
14/07/2021;6;150;17;0.35
14/07/2021;6;150;18;0.87
14/07/2021;6;150;18;0.33
14/07/2021;6;150;19;0.92
14/07/2021;7;150;1;0.46
14/07/2021;7;150;2;0.95
14/07/2021;7;150;2;0.49
14/07/2021;7;150;3;1.04
14/07/2021;7;150;3;0.52
14/07/2021;7;150;4;1.02
14/07/2021;7;150;4;0.54
14/07/2021;7;150;5;1.01
14/07/2021;7;150;5;0.46
14/07/2021;7;150;6;1.09
14/07/2021;7;150;6;0.49
14/07/2021;7;150;7;1.07
14/07/2021;7;150;7;0.41
14/07/2021;7;150;8;1.16
14/07/2021;7;150;8;0.43
14/07/2021;7;150;9;0.98
14/07/2021;7;150;9;0.43
14/07/2021;7;150;10;0.95
14/07/2021;7;150;10;0.39
14/07/2021;7;150;11;1.15
14/07/2021;7;150;11;0.36
14/07/2021;7;150;12;1.03
14/07/2021;7;150;12;0.34
14/07/2021;7;150;13;0.91
14/07/2021;7;150;13;0.35
14/07/2021;7;150;14;0.88
14/07/2021;7;150;14;0.33
14/07/2021;7;150;15;0.89
14/07/2021;7;150;15;0.32
14/07/2021;7;150;16;0.95
14/07/2021;7;150;16;0.26
14/07/2021;7;150;17;0.88
09/07/2021;1;150;1;0.6
09/07/2021;1;150;2;1.09
09/07/2021;2;170;1;0.5
09/07/2021;2;170;2;1.16
09/07/2021;2;170;2;0.51
09/07/2021;2;170;3;1.26
09/07/2021;3;200;1;0.35
09/07/2021;3;200;2;1.14
09/07/2021;4;220;1;0.27
09/07/2021;4;220;2;0.9
09/07/2021;5;150;1;0.5
09/07/2021;5;150;2;1.07
09/07/2021;5;150;2;0.56
09/07/2021;5;150;3;1.05
09/07/2021;5;150;3;0.54
09/07/2021;5;150;4;0.96
09/07/2021;5;150;4;0.52
09/07/2021;5;150;5;1
09/07/2021;5;150;5;0.49
09/07/2021;5;150;6;0.98
09/07/2021;5;150;6;0.47
09/07/2021;5;150;7;1.08
09/07/2021;5;150;7;0.49
09/07/2021;5;150;8;1.04
09/07/2021;5;150;8;0.49
09/07/2021;5;150;9;0.96
09/07/2021;5;150;9;0.41
09/07/2021;5;150;10;1.13
09/07/2021;5;150;10;0.42
09/07/2021;5;150;11;1
09/07/2021;5;150;11;0.46
09/07/2021;5;150;12;0.95
09/07/2021;5;150;12;0.46
09/07/2021;5;150;13;0.97
09/07/2021;5;150;13;0.38
09/07/2021;5;150;14;1.12
09/07/2021;5;150;14;0.35
09/07/2021;5;150;15;0.9
09/07/2021;5;150;15;0.33
09/07/2021;5;150;16;0.84
09/07/2021;5;150;16;0.34
09/07/2021;5;150;17;0.97
09/07/2021;6;150;1;0.49
09/07/2021;6;150;2;0.94
09/07/2021;6;150;2;0.54
09/07/2021;6;150;3;0.98
09/07/2021;6;150;3;0.49
09/07/2021;6;150;4;0.97
09/07/2021;6;150;4;0.54
09/07/2021;6;150;5;0.91
09/07/2021;6;150;5;0.5
09/07/2021;6;150;6;0.96
09/07/2021;6;150;6;0.47
09/07/2021;6;150;7;0.92
09/07/2021;6;150;7;0.44
09/07/2021;6;150;8;1.04
09/07/2021;6;150;8;0.43
09/07/2021;6;150;9;1.05
09/07/2021;6;150;9;0.4
09/07/2021;6;150;10;1.07
09/07/2021;6;150;10;0.37
09/07/2021;6;150;11;0.75
09/07/2021;6;150;11;0.43
09/07/2021;6;150;12;0.95
09/07/2021;6;150;12;0.34
09/07/2021;6;150;13;0.9
09/07/2021;6;150;13;0.35
09/07/2021;6;150;14;0.9
09/07/2021;6;150;14;0.31
09/07/2021;6;150;15;0.9
09/07/2021;6;150;15;0.29
09/07/2021;6;150;16;0.88
09/07/2021;6;150;16;0.29
09/07/2021;6;150;17;0.85
30/06/2021;1;120;1;0.71
30/06/2021;1;120;2;1.01
30/06/2021;1;120;2;0.74
30/06/2021;1;120;3;1.26
30/06/2021;1;120;3;0.76
30/06/2021;1;120;4;1.34
30/06/2021;2;120;1;0.73
30/06/2021;2;120;2;1.2
30/06/2021;2;120;2;0.75
30/06/2021;2;120;3;1.28
30/06/2021;3;150;1;0.54
30/06/2021;3;150;2;1.33
30/06/2021;3;150;2;0.59
30/06/2021;3;150;3;1.35
30/06/2021;4;170;1;0.49
30/06/2021;4;170;2;1.37
30/06/2021;5;170;1;0.53
30/06/2021;5;170;2;0.98
30/06/2021;6;210;1;0.31
30/06/2021;6;210;2;0.88
23/06/2021;1;100;1;0.69
23/06/2021;1;100;2;0.71
23/06/2021;1;100;2;0.84
23/06/2021;1;100;3;0.69
23/06/2021;1;100;3;0.83
23/06/2021;1;100;4;1.02
23/06/2021;2;120;1;0.71
23/06/2021;2;120;2;0.78
23/06/2021;3;150;1;0.57
23/06/2021;3;150;2;0.88
23/06/2021;3;150;2;0.6
23/06/2021;3;150;3;1.1
23/06/2021;4;170;1;0.5
23/06/2021;4;170;2;1.12
23/06/2021;4;170;2;0.52
23/06/2021;4;170;3;1.1
23/06/2021;4;170;3;0.55
23/06/2021;4;170;4;1.17
23/06/2021;5;200;1;0.36
23/06/2021;5;200;2;1.19
23/06/2021;6;150;1;0.5
23/06/2021;6;150;2;1.02
23/06/2021;6;150;2;0.52
23/06/2021;6;150;3;1.04
23/06/2021;6;150;3;0.56
23/06/2021;6;150;4;0.93
23/06/2021;6;150;4;0.57
23/06/2021;6;150;5;0.9
23/06/2021;6;150;5;0.55
23/06/2021;6;150;6;0.91
23/06/2021;6;150;6;0.53
23/06/2021;6;150;7;0.95
23/06/2021;6;150;7;0.51
23/06/2021;6;150;8;0.92
23/06/2021;6;150;8;0.5
23/06/2021;6;150;9;0.9
23/06/2021;6;150;9;0.49
23/06/2021;6;150;10;0.97
23/06/2021;6;150;10;0.48
23/06/2021;6;150;11;1.01
23/06/2021;6;150;11;0.41
23/06/2021;6;150;12;1.21
23/06/2021;6;150;12;0.37
23/06/2021;6;150;13;1.16
23/06/2021;6;150;13;0.42
23/06/2021;6;150;14;0.94
23/06/2021;6;150;14;0.36
23/06/2021;6;150;15;0.97
23/06/2021;6;150;15;0.35
23/06/2021;6;150;16;0.94
23/06/2021;6;150;16;0.35
23/06/2021;6;150;17;1
23/06/2021;7;150;1;0.45
23/06/2021;7;150;2;0.9
23/06/2021;7;150;2;0.48
23/06/2021;7;150;3;1.17
23/06/2021;7;150;3;0.45
23/06/2021;7;150;4;1.19
23/06/2021;7;150;4;0.52
23/06/2021;7;150;5;1.09
23/06/2021;7;150;5;0.47
23/06/2021;7;150;6;1.21
23/06/2021;7;150;6;0.49
23/06/2021;7;150;7;1.05
23/06/2021;7;150;7;0.45
23/06/2021;7;150;8;1.2
23/06/2021;7;150;8;0.43
23/06/2021;7;150;9;1.22
23/06/2021;7;150;9;0.37
23/06/2021;7;150;10;1.23
23/06/2021;7;150;10;0.42
23/06/2021;7;150;11;0.96
23/06/2021;7;150;11;0.41
23/06/2021;7;150;12;1.01
23/06/2021;7;150;12;0.42
23/06/2021;7;150;13;1.01
23/06/2021;7;150;13;0.35
23/06/2021;7;150;14;1.02
23/06/2021;7;150;14;0.37
23/06/2021;7;150;15;0.9
23/06/2021;7;150;15;0.32
23/06/2021;7;150;16;0.89
14/06/2021;1;120;1;0.73
14/06/2021;1;120;2;0.86
14/06/2021;1;120;2;0.68
14/06/2021;1;120;3;1.05
14/06/2021;1;120;3;0.75
14/06/2021;1;120;4;1.09
14/06/2021;2;160;1;0.55
14/06/2021;2;160;2;1.19
14/06/2021;3;210;1;0.32
14/06/2021;3;210;2;0.93
14/06/2021;4;150;1;0.49
14/06/2021;4;150;2;0.81
14/06/2021;4;150;2;0.56
14/06/2021;4;150;3;0.77
14/06/2021;4;150;3;0.44
14/06/2021;4;150;4;0.78
14/06/2021;4;150;4;0.52
14/06/2021;4;150;5;0.76
14/06/2021;4;150;5;0.53
14/06/2021;4;150;6;0.8
14/06/2021;4;150;6;0.54
14/06/2021;4;150;7;0.87
14/06/2021;4;150;7;0.52
14/06/2021;4;150;8;0.95
14/06/2021;4;150;8;0.51
14/06/2021;4;150;9;0.91
14/06/2021;4;150;9;0.5
14/06/2021;4;150;10;0.88
14/06/2021;4;150;10;0.47
14/06/2021;4;150;11;0.92
14/06/2021;4;150;11;0.48
14/06/2021;4;150;12;0.92
14/06/2021;4;150;12;0.46
14/06/2021;4;150;13;0.88
14/06/2021;4;150;13;0.44
14/06/2021;4;150;14;0.89
14/06/2021;4;150;14;0.43
14/06/2021;4;150;15;0.94
14/06/2021;4;150;15;0.4
14/06/2021;4;150;16;0.83
14/06/2021;5;150;1;0.49
14/06/2021;5;150;2;0.83
14/06/2021;5;150;2;0.51
14/06/2021;5;150;3;0.78
14/06/2021;5;150;3;0.47
14/06/2021;5;150;4;0.84
14/06/2021;5;150;4;0.48
14/06/2021;5;150;5;0.84
14/06/2021;5;150;5;0.5
14/06/2021;5;150;6;0.87
14/06/2021;5;150;6;0.5
14/06/2021;5;150;7;0.87
14/06/2021;5;150;7;0.45
14/06/2021;5;150;8;0.79
14/06/2021;5;150;8;0.46
14/06/2021;5;150;9;0.85
14/06/2021;5;150;9;0.43
14/06/2021;5;150;10;0.81
14/06/2021;5;150;10;0.4
14/06/2021;5;150;11;0.72
14/06/2021;5;150;11;0.37
14/06/2021;5;150;12;0.71
14/06/2021;5;150;12;0.38
14/06/2021;5;150;13;0.71
14/06/2021;5;150;13;0.39
14/06/2021;5;150;14;0.78
14/06/2021;5;150;14;0.35
14/06/2021;5;150;15;0.84
14/06/2021;5;150;15;0.32
14/06/2021;5;150;16;0.85
01/06/2021;1;120;1;0.66
01/06/2021;1;120;2;0.99
01/06/2021;1;120;2;0.81
01/06/2021;1;120;3;0.99
01/06/2021;1;120;3;0.74
01/06/2021;1;120;4;1.03
01/06/2021;2;150;1;0.55
01/06/2021;2;150;2;1.1
01/06/2021;2;150;2;0.7
01/06/2021;2;150;3;0.97
01/06/2021;3;170;1;0.46
01/06/2021;3;170;2;0.81
01/06/2021;3;170;2;0.56
01/06/2021;3;170;3;1.04
01/06/2021;4;200;1;0.35
01/06/2021;4;200;2;1.21
01/06/2021;5;160;1;0.37
01/06/2021;5;160;2;0.85
01/06/2021;5;160;2;0.51
01/06/2021;5;160;3;0.68
01/06/2021;5;160;3;0.48
01/06/2021;5;160;4;0.93
01/06/2021;5;160;4;0.52
01/06/2021;5;160;5;0.66
01/06/2021;5;160;5;0.46
01/06/2021;5;160;6;0.86
01/06/2021;5;160;6;0.47
01/06/2021;5;160;7;0.91
01/06/2021;5;160;7;0.46
01/06/2021;5;160;8;0.85
01/06/2021;5;160;8;0.42
01/06/2021;5;160;9;0.91
01/06/2021;6;100;1;0.63
01/06/2021;6;100;2;0.66
01/06/2021;6;100;3;0.59
01/06/2021;6;100;4;0.52
01/06/2021;6;100;5;0.63
01/06/2021;6;100;6;0.62
01/06/2021;6;100;7;0.64
01/06/2021;6;100;8;0.68
01/06/2021;6;100;9;0.68
01/06/2021;6;100;10;0.72
01/06/2021;6;100;11;0.68
01/06/2021;6;100;12;0.67
01/06/2021;6;100;13;0.65
01/06/2021;6;100;14;0.65
01/06/2021;6;100;15;0.62
01/06/2021;6;100;16;0.68
01/06/2021;6;100;17;0.65
01/06/2021;6;100;18;0.6
01/06/2021;6;100;19;0.64
01/06/2021;6;100;20;0.59
01/06/2021;6;100;21;0.62
01/06/2021;6;100;22;0.6
01/06/2021;6;100;23;0.6
01/06/2021;6;100;24;0.47
01/06/2021;6;100;25;0.57
01/06/2021;6;100;26;0.52
01/06/2021;6;100;27;0.55
01/06/2021;6;100;28;0.53
01/06/2021;6;100;29;0.46
01/06/2021;6;100;30;0.54
01/06/2021;6;100;31;0.48
01/06/2021;6;100;32;0.47
01/06/2021;7;100;1;0.56
01/06/2021;7;100;2;0.71
01/06/2021;7;100;2;0.48
01/06/2021;7;100;3;0.88
01/06/2021;7;100;3;0.62
01/06/2021;7;100;4;0.86
01/06/2021;7;100;4;0.54
01/06/2021;7;100;5;0.94
01/06/2021;7;100;5;0.67
01/06/2021;7;100;6;0.82
01/06/2021;7;100;6;0.62
01/06/2021;7;100;7;0.78
01/06/2021;7;100;7;0.64
01/06/2021;7;100;8;0.84
01/06/2021;7;100;8;0.64
01/06/2021;7;100;9;0.9
01/06/2021;7;100;9;0.66
01/06/2021;7;100;10;0.93
01/06/2021;7;100;10;0.59
01/06/2021;7;100;11;0.86
01/06/2021;7;100;11;0.61
01/06/2021;7;100;12;0.93
01/06/2021;7;100;12;0.65
01/06/2021;7;100;13;0.86
01/06/2021;7;100;13;0.61
01/06/2021;7;100;14;0.74
01/06/2021;7;100;14;0.59
01/06/2021;7;100;15;0.96
01/06/2021;7;100;15;0.53
01/06/2021;7;100;16;0.94
01/06/2021;7;100;16;0.49
01/06/2021;7;100;17;0.68
01/06/2021;7;100;17;0.5
01/06/2021;7;100;18;0.84
01/06/2021;7;100;18;0.53
01/06/2021;7;100;19;0.74
01/06/2021;7;100;19;0.56
01/06/2021;7;100;20;0.86
01/06/2021;7;100;20;0.49
01/06/2021;7;100;21;0.63
01/06/2021;7;100;21;0.51
01/06/2021;7;100;22;0.73
01/06/2021;7;100;22;0.49
01/06/2021;7;100;23;0.83
01/06/2021;7;100;23;0.5
01/06/2021;7;100;24;0.76
21/05/2021;1;120;1;0.73
21/05/2021;1;120;2;0.81
21/05/2021;1;120;2;0.76
21/05/2021;1;120;3;1.08
21/05/2021;2;150;1;0.63
21/05/2021;2;150;2;1.03
21/05/2021;3;170;1;0.51
21/05/2021;3;170;2;1.04
21/05/2021;4;200;1;0.37
21/05/2021;4;200;2;1.02
21/05/2021;5;150;1;0.53
21/05/2021;5;150;2;0.88
21/05/2021;5;150;2;0.52
21/05/2021;5;150;3;0.91
21/05/2021;5;150;3;0.51
21/05/2021;5;150;4;0.84
21/05/2021;5;150;4;0.49
21/05/2021;5;150;5;0.83
21/05/2021;5;150;5;0.47
21/05/2021;5;150;6;0.88
21/05/2021;5;150;6;0.4
21/05/2021;5;150;7;0.68
21/05/2021;5;150;7;0.39
21/05/2021;5;150;8;0.84
21/05/2021;5;150;8;0.44
21/05/2021;5;150;9;0.79
21/05/2021;6;150;1;0.48
21/05/2021;6;150;2;0.78
21/05/2021;6;150;2;0.51
21/05/2021;6;150;3;0.85
21/05/2021;6;150;3;0.45
21/05/2021;6;150;4;0.9
21/05/2021;6;150;4;0.5
21/05/2021;6;150;5;0.68
21/05/2021;6;150;5;0.48
21/05/2021;6;150;6;0.8
21/05/2021;6;150;6;0.48
21/05/2021;6;150;7;0.87
21/05/2021;6;150;7;0.49
21/05/2021;6;150;8;0.89
21/05/2021;6;150;8;0.49
21/05/2021;6;150;9;0.86
21/05/2021;7;150;1;0.6
21/05/2021;7;150;2;1.02
21/05/2021;7;150;2;0.59
21/05/2021;7;150;3;1.01
21/05/2021;7;150;3;0.57
21/05/2021;7;150;4;1.01
21/05/2021;7;150;4;0.56
21/05/2021;7;150;5;0.98
21/05/2021;7;150;5;0.54
21/05/2021;7;150;6;0.99
21/05/2021;7;150;6;0.48
21/05/2021;7;150;7;0.99
21/05/2021;7;150;7;0.54
21/05/2021;7;150;8;1.01
21/05/2021;7;150;8;0.45
21/05/2021;7;150;9;0.89
18/05/2021;1;120;1;0.73
18/05/2021;1;120;2;1.02
18/05/2021;1;120;2;0.76
18/05/2021;1;120;3;0.94
18/05/2021;2;150;1;0.61
18/05/2021;2;150;2;0.99
18/05/2021;3;170;1;0.49
18/05/2021;3;170;2;0.94
18/05/2021;4;200;1;0.31
18/05/2021;4;200;2;1.21
18/05/2021;5;200;1;0.34
18/05/2021;5;200;2;1.23
18/05/2021;6;150;1;0.5
18/05/2021;6;150;2;0.93
18/05/2021;6;150;2;0.6
18/05/2021;6;150;3;0.99
18/05/2021;6;150;3;0.59
18/05/2021;6;150;4;0.97
18/05/2021;6;150;4;0.55
18/05/2021;6;150;5;1.07
18/05/2021;6;150;5;0.54
18/05/2021;6;150;6;1
18/05/2021;6;150;6;0.52
18/05/2021;6;150;7;1.06
18/05/2021;6;150;7;0.47
18/05/2021;6;150;8;1.14
18/05/2021;6;150;8;0.43
18/05/2021;6;150;9;0.36
18/05/2021;6;150;9;0.87
18/05/2021;7;150;1;0.55
18/05/2021;7;150;2;1.02
18/05/2021;7;150;2;0.58
18/05/2021;7;150;3;1.04
18/05/2021;7;150;3;0.56
18/05/2021;7;150;4;1.04
18/05/2021;7;150;4;0.48
18/05/2021;7;150;5;0.97
18/05/2021;7;150;5;0.54
18/05/2021;7;150;6;1.01
18/05/2021;7;150;6;0.51
18/05/2021;7;150;7;0.97
18/05/2021;7;150;7;0.46
18/05/2021;7;150;8;1.01
18/05/2021;7;150;8;0.48
18/05/2021;7;150;9;1.02
18/05/2021;8;150;1;0.42
18/05/2021;8;150;2;0.89
18/05/2021;8;150;2;0.48
18/05/2021;8;150;3;0.91
18/05/2021;8;150;3;0.44
18/05/2021;8;150;4;0.93
18/05/2021;8;150;4;0.42
18/05/2021;8;150;5;0.92
18/05/2021;8;150;5;0.38
18/05/2021;8;150;6;0.91
18/05/2021;8;150;6;0.42
18/05/2021;8;150;7;0.92
18/05/2021;8;150;7;0.36
18/05/2021;8;150;8;0.84
18/05/2021;8;150;8;0.32
18/05/2021;8;150;9;0.81
30/04/2021;1;120;1;0.58
30/04/2021;1;120;2;0.81
30/04/2021;1;120;2;0.74
30/04/2021;1;120;3;0.91
30/04/2021;1;120;3;0.73
30/04/2021;1;120;4;1.04
30/04/2021;2;150;1;0.55
30/04/2021;2;150;2;0.85
30/04/2021;2;150;2;0.59
30/04/2021;2;150;3;0.86
30/04/2021;3;180;1;0.46
30/04/2021;3;180;2;1.16
30/04/2021;4;180;1;0.37
30/04/2021;4;180;2;0.75
30/04/2021;4;180;2;0.42
30/04/2021;4;180;3;0.98
30/04/2021;4;180;3;0.41
30/04/2021;4;180;4;0.94
30/04/2021;4;180;4;0.42
30/04/2021;4;180;5;0.93
30/04/2021;4;180;5;0.39
30/04/2021;4;180;6;0.75
30/04/2021;4;180;6;0.36
30/04/2021;4;180;7;0.89
30/04/2021;4;180;7;0.39
30/04/2021;4;180;8;0.93
30/04/2021;4;180;8;0.37
30/04/2021;4;180;9;0.92
30/04/2021;4;180;9;0.33
30/04/2021;4;180;10;0.88
03/04/2021;1;150;1;0.58
03/04/2021;1;150;2;1.03
03/04/2021;1;150;2;0.61
03/04/2021;1;150;3;0.98
03/04/2021;2;180;1;0.41
03/04/2021;2;180;2;1.16
03/04/2021;3;210;1;0.28
03/04/2021;3;210;2;0.87
03/04/2021;4;210;1;0.35
03/04/2021;4;210;2;0.85
03/04/2021;5;180;1;0.39
03/04/2021;5;180;2;1.16
03/04/2021;5;180;2;0.45
03/04/2021;5;180;3;1.2
03/04/2021;5;180;3;0.43
03/04/2021;5;180;4;1.14
03/04/2021;5;180;4;0.42
03/04/2021;5;180;5;1
03/04/2021;5;180;5;0.38
03/04/2021;5;180;6;1
03/04/2021;5;180;6;0.35
03/04/2021;5;180;7;1.06
03/04/2021;5;180;7;0.35
03/04/2021;5;180;8;1.12
03/04/2021;5;180;8;0.35
03/04/2021;5;180;9;1.05
12/03/2021;1;150;1;0.6
12/03/2021;1;150;2;0.98
12/03/2021;1;150;2;0.63
12/03/2021;1;150;3;1.1
12/03/2021;2;170;1;0.51
12/03/2021;2;170;2;1.08
12/03/2021;3;200;1;0.38
12/03/2021;3;200;2;1.31
12/03/2021;4;180;1;0.35
12/03/2021;4;180;2;0.85
12/03/2021;4;180;2;0.37
12/03/2021;4;180;3;1.07
12/03/2021;4;180;3;0.38
12/03/2021;4;180;4;0.96
12/03/2021;4;180;4;0.39
12/03/2021;4;180;5;0.97
12/03/2021;4;180;5;0.37
12/03/2021;4;180;6;0.96
12/03/2021;5;180;1;0.36
12/03/2021;5;180;2;0.74
12/03/2021;5;180;2;0.32
12/03/2021;5;180;3;0.75
19/02/2021;1;120;1;0.65
19/02/2021;1;120;2;0.8
19/02/2021;1;120;2;0.68
19/02/2021;1;120;3;1
19/02/2021;2;150;1;0.6
19/02/2021;2;150;2;1.1
19/02/2021;2;150;2;0.53
19/02/2021;2;150;3;0.97
19/02/2021;3;170;1;0.44
19/02/2021;3;170;2;1.01
19/02/2021;4;200;1;0.29
19/02/2021;4;200;2;0.72
19/02/2021;5;180;1;0.36
19/02/2021;5;180;2;0.99
19/02/2021;5;180;2;0.37
19/02/2021;5;180;3;0.89
19/02/2021;5;180;3;0.36
19/02/2021;5;180;4;0.88
19/02/2021;5;180;4;0.34
19/02/2021;5;180;5;0.97
19/02/2021;5;180;5;0.29
19/02/2021;5;180;6;0.81
19/02/2021;6;180;1;0.32
19/02/2021;6;180;2;0.84
19/02/2021;6;180;2;0.36
19/02/2021;6;180;3;0.94
19/02/2021;6;180;3;0.33
19/02/2021;6;180;4;0.89
19/02/2021;6;180;4;0.31
19/02/2021;6;180;5;0.83
19/02/2021;6;180;5;0.3
19/02/2021;6;180;6;0.72
19/02/2021;7;180;1;0.28
19/02/2021;7;180;2;0.82
19/02/2021;7;180;2;0.34
19/02/2021;7;180;3;0.9
19/02/2021;7;180;3;0.34
19/02/2021;7;180;4;0.87
19/02/2021;7;180;4;0.34
19/02/2021;7;180;5;0.95
19/02/2021;7;180;5;0.3
19/02/2021;7;180;6;0.84
09/02/2021;1;150;1;0.69
09/02/2021;1;150;2;0.83
09/02/2021;2;170;1;0.53
09/02/2021;2;170;2;0.67
09/02/2021;2;170;2;0.57
09/02/2021;2;170;3;0.92
09/02/2021;3;200;1;0.37
09/02/2021;3;200;2;0.9
09/02/2021;4;180;1;0.44
09/02/2021;4;180;2;1.21
09/02/2021;4;180;2;0.46
09/02/2021;4;180;3;1.14
09/02/2021;4;180;3;0.45
09/02/2021;4;180;4;1.16
09/02/2021;4;180;4;0.39
09/02/2021;4;180;5;1.23
09/02/2021;4;180;5;0.44
09/02/2021;4;180;6;1.24
09/02/2021;4;180;6;0.39
09/02/2021;4;180;7;1.26
09/02/2021;4;180;7;0.36
09/02/2021;4;180;8;0.98
09/02/2021;5;180;1;0.46
09/02/2021;5;180;2;1.12
09/02/2021;5;180;2;0.52
09/02/2021;5;180;3;1.01
09/02/2021;5;180;3;0.46
09/02/2021;5;180;4;1.2
09/02/2021;5;180;4;0.43
09/02/2021;5;180;5;1.36
09/02/2021;5;180;5;0.42
09/02/2021;5;180;6;1.34
09/02/2021;5;180;6;0.43
09/02/2021;5;180;7;1.2
09/02/2021;5;180;7;0.42
09/02/2021;5;180;8;1.33
09/02/2021;6;180;1;0.38
09/02/2021;6;180;2;0.87
09/02/2021;6;180;2;0.41
09/02/2021;6;180;3;1.26
09/02/2021;6;180;3;0.46
09/02/2021;6;180;4;1.08
09/02/2021;6;180;4;0.44
09/02/2021;6;180;5;1.14
09/02/2021;6;180;5;0.4
09/02/2021;6;180;6;1.04
09/02/2021;6;180;6;0.39
09/02/2021;6;180;7;0.99
09/02/2021;6;180;7;0.34
09/02/2021;6;180;8;0.91
02/02/2021;1;150;1;0.54
02/02/2021;1;150;2;0.51
02/02/2021;1;150;2;0.61
02/02/2021;1;150;3;0.65
02/02/2021;2;170;1;0.51
02/02/2021;2;170;2;0.56
02/02/2021;3;170;1;0.57
02/02/2021;3;170;2;0.8
02/02/2021;4;200;1;0.35
02/02/2021;4;200;2;0.63
02/02/2021;5;180;1;0.43
02/02/2021;5;180;2;0.94
02/02/2021;5;180;2;0.47
02/02/2021;5;180;3;1.04
02/02/2021;5;180;3;0.44
02/02/2021;5;180;4;1.13
02/02/2021;5;180;4;0.44
02/02/2021;5;180;5;1.15
02/02/2021;5;180;5;0.38
02/02/2021;5;180;6;0.84
02/02/2021;6;180;1;0.39
02/02/2021;6;180;2;0.73
02/02/2021;6;180;2;0.44
02/02/2021;6;180;3;0.74
02/02/2021;6;180;3;0.43
02/02/2021;6;180;4;0.81
02/02/2021;6;180;4;0.41
02/02/2021;6;180;5;0.82
02/02/2021;6;180;5;0.38
02/02/2021;6;180;6;0.95
02/02/2021;7;180;1;0.43
02/02/2021;7;180;2;0.86
02/02/2021;7;180;2;0.45
02/02/2021;7;180;3;0.72
02/02/2021;7;180;3;0.45
02/02/2021;7;180;4;0.86
02/02/2021;7;180;4;0.44
02/02/2021;7;180;5;0.95
02/02/2021;7;180;5;0.41
02/02/2021;7;180;6;0.99
23/01/2021;1;150;1;0.64
23/01/2021;1;150;2;0.99
23/01/2021;1;150;2;0.65
23/01/2021;1;150;3;1.01
23/01/2021;2;170;1;0.57
23/01/2021;2;170;2;1.05
23/01/2021;3;200;1;0.4
23/01/2021;3;200;2;1.11
23/01/2021;4;180;1;0.49
23/01/2021;4;180;2;1.05
23/01/2021;4;180;2;0.52
23/01/2021;4;180;3;1.1
23/01/2021;4;180;3;0.42
23/01/2021;4;180;4;1.07
23/01/2021;4;180;4;0.45
23/01/2021;4;180;5;1.27
23/01/2021;4;180;5;0.43
23/01/2021;4;180;6;1.18
23/01/2021;4;180;6;0.4
23/01/2021;4;180;7;1.19
23/01/2021;5;180;1;0.43
23/01/2021;5;180;2;1.05
23/01/2021;5;180;2;0.47
23/01/2021;5;180;3;1.15
23/01/2021;5;180;3;0.49
23/01/2021;5;180;4;1.26
23/01/2021;5;180;4;0.44
23/01/2021;5;180;5;1.32
23/01/2021;5;180;5;0.4
23/01/2021;5;180;6;1.25
23/01/2021;5;180;6;0.42
23/01/2021;5;180;7;1.11
07/01/2021;1;150;1;0.47
07/01/2021;1;150;2;0.61
07/01/2021;1;150;2;0.59
07/01/2021;1;150;3;0.75
07/01/2021;2;120;1;0.59
07/01/2021;2;120;2;0.95
07/01/2021;2;120;2;0.67
07/01/2021;2;120;3;0.96
07/01/2021;2;120;3;0.61
07/01/2021;2;120;4;0.97
07/01/2021;2;120;4;0.65
07/01/2021;2;120;5;0.93
07/01/2021;2;120;5;0.66
07/01/2021;2;120;6;0.86
07/01/2021;2;120;6;0.69
07/01/2021;2;120;7;0.87
07/01/2021;2;120;7;0.61
07/01/2021;2;120;8;0.91
07/01/2021;2;120;8;0.62
07/01/2021;2;120;9;0.88
07/01/2021;2;120;9;0.65
07/01/2021;2;120;10;0.97
07/01/2021;2;120;10;0.6
07/01/2021;2;120;11;0.92
07/01/2021;2;120;11;0.59
07/01/2021;2;120;12;0.9
07/01/2021;2;120;12;0.6
07/01/2021;2;120;13;0.88
07/01/2021;2;120;13;0.66
07/01/2021;2;120;14;0.98
07/01/2021;2;120;14;0.66
07/01/2021;2;120;15;0.9
07/01/2021;2;120;15;0.58
07/01/2021;2;120;16;0.96
07/01/2021;2;120;16;0.59
07/01/2021;2;120;17;0.88
07/01/2021;2;120;17;0.57
07/01/2021;2;120;18;0.89
07/01/2021;2;120;18;0.53
07/01/2021;2;120;19;0.83
07/01/2021;2;120;19;0.52
07/01/2021;2;120;20;0.68
07/01/2021;2;120;20;0.6
07/01/2021;2;120;21;0.99
29/12/2020;1;200;1;0.42
29/12/2020;1;200;2;0.92
29/12/2020;2;120;1;0.66
29/12/2020;2;120;2;0.95
29/12/2020;2;120;2;0.66
29/12/2020;2;120;3;0.97
29/12/2020;2;120;3;0.67
29/12/2020;2;120;4;0.94
29/12/2020;2;120;4;0.67
29/12/2020;2;120;5;0.9
29/12/2020;2;120;5;0.66
29/12/2020;2;120;6;0.9
29/12/2020;2;120;6;0.66
29/12/2020;2;120;7;0.92
29/12/2020;2;120;7;0.69
29/12/2020;2;120;8;0.89
29/12/2020;2;120;8;0.64
29/12/2020;2;120;9;0.97
29/12/2020;2;120;9;0.66
29/12/2020;2;120;10;0.9
29/12/2020;2;120;10;0.64
29/12/2020;2;120;11;0.93
29/12/2020;2;120;11;0.63
29/12/2020;2;120;12;0.98
29/12/2020;2;120;12;0.6
29/12/2020;2;120;13;0.96
29/12/2020;2;120;13;0.59
29/12/2020;2;120;14;0.91
29/12/2020;2;120;14;0.6
29/12/2020;2;120;15;0.93
29/12/2020;2;120;15;0.58
29/12/2020;2;120;16;1.03
29/12/2020;2;120;16;0.6
29/12/2020;2;120;17;1.04
29/12/2020;2;120;17;0.53
29/12/2020;2;120;18;0.89
29/12/2020;2;120;18;0.6
29/12/2020;2;120;19;0.97
29/12/2020;2;120;19;0.58
29/12/2020;2;120;20;0.98
29/12/2020;2;120;20;0.56
29/12/2020;2;120;21;0.96
29/12/2020;2;120;21;0.53
29/12/2020;2;120;22;1.02
29/12/2020;2;120;22;0.48
29/12/2020;2;120;23;0.97
29/12/2020;2;120;23;0.53
29/12/2020;2;120;24;1.02
29/12/2020;2;120;24;0.42
29/12/2020;2;120;25;0.82
29/12/2020;2;120;25;0.43
29/12/2020;2;120;26;0.77
29/12/2020;3;120;1;0.64
29/12/2020;3;120;2;0.85
29/12/2020;3;120;2;0.67
29/12/2020;3;120;3;1.01
29/12/2020;3;120;3;0.57
29/12/2020;3;120;4;1.09
29/12/2020;3;120;4;0.62
29/12/2020;3;120;5;1
29/12/2020;3;120;5;0.68
29/12/2020;3;120;6;0.96
29/12/2020;3;120;6;0.66
29/12/2020;3;120;7;0.87
29/12/2020;3;120;7;0.66
29/12/2020;3;120;8;0.88
29/12/2020;3;120;8;0.62
29/12/2020;3;120;9;0.83
29/12/2020;3;120;9;0.6
29/12/2020;3;120;10;0.93
23/12/2020;1;170;1;0.52
23/12/2020;1;170;2;0.86
23/12/2020;2;170;1;0.54
23/12/2020;2;170;2;0.71
23/12/2020;3;200;1;0.33
23/12/2020;3;200;2;0.9
23/12/2020;4;200;1;0.38
23/12/2020;4;200;2;0.66
23/12/2020;5;100;1;0.61
23/12/2020;5;100;2;0.79
23/12/2020;5;100;2;0.65
23/12/2020;5;100;3;0.89
23/12/2020;5;100;3;0.68
23/12/2020;5;100;4;0.87
23/12/2020;5;100;4;0.66
23/12/2020;5;100;5;0.81
23/12/2020;5;100;5;0.66
23/12/2020;5;100;6;0.89
23/12/2020;5;100;6;0.64
23/12/2020;5;100;7;0.91
23/12/2020;5;100;7;0.63
23/12/2020;5;100;8;0.82
23/12/2020;5;100;8;0.62
23/12/2020;5;100;9;0.84
23/12/2020;5;100;9;0.59
23/12/2020;5;100;10;0.86
23/12/2020;5;100;10;0.63
23/12/2020;5;100;11;0.89
23/12/2020;5;100;11;0.63
23/12/2020;5;100;12;0.87
23/12/2020;5;100;12;0.61
23/12/2020;5;100;13;0.85
23/12/2020;5;100;13;0.59
23/12/2020;5;100;14;0.77
23/12/2020;5;100;14;0.58
23/12/2020;5;100;15;0.84
23/12/2020;5;100;15;0.58
23/12/2020;5;100;16;0.77
23/12/2020;5;100;16;0.59
23/12/2020;5;100;17;0.83
23/12/2020;5;100;17;0.58
23/12/2020;5;100;18;0.89
23/12/2020;5;100;18;0.55
23/12/2020;5;100;19;0.81
23/12/2020;5;100;19;0.53
23/12/2020;5;100;20;0.68
23/12/2020;5;100;20;0.53
23/12/2020;5;100;21;0.7
23/12/2020;5;100;21;0.54
23/12/2020;5;100;22;0.68
23/12/2020;5;100;22;0.5
23/12/2020;5;100;23;0.79
23/12/2020;5;100;23;0.51
23/12/2020;5;100;24;0.6
23/12/2020;5;100;24;0.53
23/12/2020;5;100;25;0.75
23/12/2020;5;100;25;0.48
23/12/2020;5;100;26;0.69
23/12/2020;6;100;1;0.66
23/12/2020;6;100;2;0.72
23/12/2020;6;100;2;0.66
23/12/2020;6;100;3;0.68
23/12/2020;6;100;3;0.72
23/12/2020;6;100;4;0.66
23/12/2020;6;100;4;0.63
23/12/2020;6;100;5;0.6
23/12/2020;6;100;5;0.58
23/12/2020;6;100;6;0.74
23/12/2020;6;100;6;0.6
23/12/2020;6;100;7;0.68
23/12/2020;6;100;7;0.6
23/12/2020;6;100;8;0.75
23/12/2020;6;100;8;0.61
23/12/2020;6;100;9;0.7
23/12/2020;6;100;9;0.61
23/12/2020;6;100;10;0.73
23/12/2020;6;100;10;0.61
23/12/2020;6;100;11;0.61
23/12/2020;6;100;11;0.6
23/12/2020;6;100;12;0.68
23/12/2020;6;100;12;0.63
23/12/2020;6;100;13;0.58
23/12/2020;6;100;13;0.61
23/12/2020;6;100;14;0.69
23/12/2020;6;100;14;0.59
23/12/2020;6;100;15;0.54
23/12/2020;6;100;15;0.53
23/12/2020;6;100;16;0.71
23/12/2020;6;100;16;0.59
23/12/2020;6;100;17;0.62
23/12/2020;6;100;17;0.61
23/12/2020;6;100;18;0.7
23/12/2020;6;100;18;0.57
23/12/2020;6;100;19;0.56
23/12/2020;6;100;19;0.53
23/12/2020;6;100;20;0.56
23/12/2020;6;100;20;0.48
23/12/2020;6;100;21;0.72
23/12/2020;6;100;21;0.55
23/12/2020;6;100;22;0.59
23/12/2020;6;100;22;0.61
23/12/2020;6;100;23;0.69
23/12/2020;6;100;23;0.53
23/12/2020;6;100;24;0.64
23/12/2020;6;100;24;0.54
23/12/2020;6;100;25;0.54
23/12/2020;6;100;25;0.46
23/12/2020;6;100;26;0.61
18/11/2020;1;120;1;0.84
18/11/2020;1;120;2;1.07
18/11/2020;1;120;2;0.84
18/11/2020;1;120;3;1.07
18/11/2020;1;120;3;0.89
18/11/2020;1;120;4;0.93
18/11/2020;2;150;1;0.68
18/11/2020;2;150;2;1.01
18/11/2020;3;170;1;0.56
18/11/2020;3;170;2;1.05
18/11/2020;3;170;2;0.64
18/11/2020;3;170;3;0.95
18/11/2020;4;200;1;0.42
18/11/2020;4;200;2;1
18/11/2020;5;200;1;0.44
18/11/2020;5;200;2;1.05
18/11/2020;6;190;1;0.4
18/11/2020;6;190;2;0.99
18/11/2020;6;190;2;0.45
18/11/2020;6;190;3;0.98
18/11/2020;6;190;3;0.46
18/11/2020;6;190;4;0.99
18/11/2020;6;190;4;0.45
18/11/2020;6;190;5;1.01
18/11/2020;6;190;5;0.45
18/11/2020;6;190;6;1.04
18/11/2020;7;190;1;0.47
18/11/2020;7;190;2;1.09
18/11/2020;7;190;2;0.48
18/11/2020;7;190;3;1.16
18/11/2020;7;190;3;0.47
18/11/2020;7;190;4;1.27
18/11/2020;7;190;4;0.45
18/11/2020;7;190;5;1.26
18/11/2020;7;190;5;0.44
18/11/2020;7;190;6;1.24
18/11/2020;8;190;1;0.4
18/11/2020;8;190;2;1.03
18/11/2020;8;190;2;0.43
18/11/2020;8;190;3;1
18/11/2020;8;190;3;0.36
18/11/2020;8;190;4;1.13
18/11/2020;8;190;4;0.42
18/11/2020;8;190;5;0.99
18/11/2020;8;190;5;0.35
18/11/2020;8;190;6;0.93
10/11/2020;1;120;1;0.79
10/11/2020;1;120;2;1.1
10/11/2020;1;120;2;0.85
10/11/2020;1;120;3;1.16
10/11/2020;2;150;1;0.67
10/11/2020;2;150;2;1.38
10/11/2020;2;150;2;0.64
10/11/2020;2;150;3;1.4
10/11/2020;3;170;1;0.58
10/11/2020;3;170;2;1.12
10/11/2020;4;200;1;0.43
10/11/2020;4;200;2;1.45
10/11/2020;5;190;1;0.47
10/11/2020;5;190;2;0.98
10/11/2020;5;190;2;0.45
10/11/2020;5;190;3;1.1
10/11/2020;5;190;3;0.48
10/11/2020;5;190;4;1.08
10/11/2020;6;190;1;0.44
10/11/2020;6;190;2;1.12
10/11/2020;6;190;2;0.48
10/11/2020;6;190;3;1.19
10/11/2020;6;190;3;0.45
10/11/2020;6;190;4;1.08
10/11/2020;7;190;1;0.45
10/11/2020;7;190;2;1.15
10/11/2020;7;190;2;0.5
10/11/2020;7;190;3;1.13
10/11/2020;7;190;3;0.42
10/11/2020;7;190;4;1.09
21/10/2020;1;60;1;0.57
21/10/2020;1;60;1;0.59
21/10/2020;1;60;2;0.57
21/10/2020;1;60;3;0.54
21/10/2020;1;60;3;0.42
21/10/2020;1;60;4;0.54
21/10/2020;1;60;4;0.6
21/10/2020;1;60;4;0.49
21/10/2020;2;60;1;0.49
21/10/2020;2;60;1;0.58
10/09/2020;1;120;1;0.75
10/09/2020;1;120;2;0.7
10/09/2020;1;120;2;0.74
10/09/2020;1;120;3;0.72
10/09/2020;2;120;1;0.73
10/09/2020;2;120;2;0.72
10/09/2020;3;150;1;0.6
10/09/2020;3;150;2;0.87
10/09/2020;3;150;2;0.61
10/09/2020;3;150;3;0.88
15/07/2020;1;120;1;0.72
15/07/2020;1;120;2;0.9
15/07/2020;1;120;2;0.95
15/07/2020;1;120;2;0.78
15/07/2020;2;150;1;0.59
15/07/2020;2;150;2;0.95
15/07/2020;2;150;2;0.59
15/07/2020;2;150;3;1.04
15/07/2020;3;150;1;0.64
15/07/2020;3;150;2;0.91
15/07/2020;4;180;1;0.46
15/07/2020;4;180;2;0.75
15/07/2020;5;210;1;0.28
15/07/2020;5;210;2;0.93
15/07/2020;6;150;1;1.11
15/07/2020;6;150;1;0.38
15/07/2020;6;150;2;0.48
15/07/2020;6;150;3;0.98
15/07/2020;6;150;3;0.51
15/07/2020;6;150;4;0.99
15/07/2020;6;150;4;0.44
15/07/2020;6;150;5;0.69
15/07/2020;6;150;5;0.47
15/07/2020;6;150;6;0.92
15/07/2020;6;150;6;0.49
15/07/2020;6;150;7;0.77
15/07/2020;6;150;7;0.48
15/07/2020;6;150;8;0.81
15/07/2020;6;150;8;0.42
15/07/2020;6;150;9;0.93
15/07/2020;6;150;9;0.43
15/07/2020;6;150;10;0.81
15/07/2020;7;150;1;0.98
15/07/2020;7;150;1;0.48
15/07/2020;7;150;2;0.47
15/07/2020;7;150;3;0.88
15/07/2020;7;150;3;0.46
15/07/2020;7;150;4;0.96
15/07/2020;7;150;4;0.41
15/07/2020;7;150;5;1
15/07/2020;7;150;5;0.89
15/07/2020;7;150;5;0.46
15/07/2020;7;150;6;0.93
15/07/2020;7;150;6;0.41
15/07/2020;7;150;7;0.39
15/07/2020;7;150;8;0.96
15/07/2020;7;150;8;0.38
15/07/2020;7;150;9;0.91
15/07/2020;7;150;9;0.37
15/07/2020;7;150;10;1
15/07/2020;7;150;10;0.89
15/07/2020;7;150;10;0.38
15/07/2020;7;150;11;0.4
15/07/2020;7;150;12;0.91
15/07/2020;7;150;12;0.37
15/07/2020;7;150;13;0.79
15/07/2020;7;150;13;0.92
15/07/2020;7;150;13;0.36
15/07/2020;7;150;14;0.34
15/07/2020;7;150;15;0.93
15/07/2020;7;150;15;0.32
15/07/2020;7;150;16;0.93
06/11/2020;1;150;1;0.65
06/11/2020;1;150;2;1.16
06/11/2020;2;180;1;0.51
06/11/2020;2;180;2;1.13
06/11/2020;2;180;2;0.48
06/11/2020;2;180;3;0.89
06/11/2020;2;180;3;0.41
06/11/2020;2;180;4;0.94
06/11/2020;2;180;4;0.45
06/11/2020;2;180;5;1.04
06/11/2020;2;180;5;0.4
06/11/2020;2;180;6;0.89
03/11/2020;1;130;1;0.64
03/11/2020;1;130;2;1.11
03/11/2020;1;130;2;0.73
03/11/2020;1;130;3;0.84
03/11/2020;1;130;3;0.77
03/11/2020;1;130;4;1.12
03/11/2020;2;170;1;0.56
03/11/2020;2;170;2;1.2
03/11/2020;2;170;2;0.59
03/11/2020;2;170;3;1
03/11/2020;3;200;1;0.38
03/11/2020;3;200;2;1.16
03/11/2020;4;180;1;0.45
03/11/2020;4;180;2;1.35
03/11/2020;4;180;2;0.48
03/11/2020;4;180;3;1.18
03/11/2020;4;180;3;0.47
03/11/2020;4;180;4;1.11
03/11/2020;4;180;4;0.44
03/11/2020;4;180;5;1.1
03/11/2020;4;180;5;0.42
03/11/2020;4;180;6;0.91
03/11/2020;5;180;1;0.45
03/11/2020;5;180;2;1.47
03/11/2020;5;180;2;0.5
03/11/2020;5;180;3;1.4
03/11/2020;5;180;3;0.45
03/11/2020;5;180;4;1.46
03/11/2020;5;180;4;0.39
03/11/2020;5;180;5;1.4
03/11/2020;5;180;5;0.41
03/11/2020;5;180;6;1.01
03/11/2020;6;180;1;0.44
03/11/2020;6;180;2;1.18
03/11/2020;6;180;2;0.46
03/11/2020;6;180;3;1.2
03/11/2020;6;180;3;0.38
03/11/2020;6;180;4;1
03/11/2020;6;180;4;0.41
03/11/2020;6;180;5;1.01
03/11/2020;6;180;5;0.4
03/11/2020;6;180;6;1
04/10/2020;1;120;1;0.81
04/10/2020;1;120;2;1.05
04/10/2020;1;120;2;0.81
04/10/2020;1;120;3;1.05
04/10/2020;2;150;1;0.68
04/10/2020;2;150;2;1.47
04/10/2020;3;170;1;0.58
04/10/2020;3;170;2;1.35
04/10/2020;4;200;1;0.39
04/10/2020;4;200;2;1.38
04/10/2020;5;200;1;0.41
04/10/2020;5;200;2;1.3
04/10/2020;6;200;1;0.4
04/10/2020;6;200;2;1.29
04/10/2020;6;200;2;0.33
04/10/2020;6;200;3;0.91
04/10/2020;6;200;3;0.35
04/10/2020;6;200;4;0.71
04/10/2020;7;200;1;0.35
04/10/2020;7;200;2;1.01
04/10/2020;7;200;2;0.35
04/10/2020;7;200;3;0.91
04/10/2020;7;200;3;0.31
04/10/2020;7;200;4;0.94
30/09/2020;1;120;1;0.78
30/09/2020;1;120;2;1.12
30/09/2020;1;120;2;0.82
30/09/2020;1;120;3;1.3
30/09/2020;2;150;1;0.66
30/09/2020;2;150;2;1.45
30/09/2020;3;170;1;0.55
30/09/2020;3;170;2;1.49
30/09/2020;3;170;2;0.55
30/09/2020;3;170;3;1.36
30/09/2020;4;200;1;0.4
30/09/2020;4;200;2;1.21
30/09/2020;5;180;1;0.44
30/09/2020;5;180;2;1.05
30/09/2020;5;180;2;0.43
30/09/2020;5;180;3;0.75
30/09/2020;5;180;3;0.42
30/09/2020;5;180;4;1.11
30/09/2020;5;180;4;0.4
30/09/2020;5;180;5;0.96
30/09/2020;5;180;5;0.4
30/09/2020;5;180;6;0.73
30/09/2020;6;180;1;0.5
30/09/2020;6;180;2;1.18
30/09/2020;6;180;2;0.49
30/09/2020;6;180;3;1.24
30/09/2020;6;180;3;0.5
30/09/2020;6;180;4;1.25
30/09/2020;6;180;4;0.45
30/09/2020;6;180;5;1.3
30/09/2020;6;180;5;0.43
30/09/2020;6;180;6;1.21
30/09/2020;7;180;1;0.49
30/09/2020;7;180;2;1.13
30/09/2020;7;180;2;0.5
30/09/2020;7;180;3;1.24
30/09/2020;7;180;3;0.42
30/09/2020;7;180;4;1.27
30/09/2020;7;180;4;0.39
30/09/2020;7;180;5;1.02
30/09/2020;7;180;5;0.4
30/09/2020;7;180;6;0.97
30/09/2020;8;180;1;0.49
30/09/2020;8;180;2;1.17
30/09/2020;8;180;2;0.46
30/09/2020;8;180;3;1.28
30/09/2020;8;180;3;0.47
30/09/2020;8;180;4;1.22
30/09/2020;8;180;4;0.46
30/09/2020;8;180;5;1.27
30/09/2020;8;180;5;0.44
30/09/2020;8;180;6;0.9
30/09/2020;9;180;1;0.46
30/09/2020;9;180;2;1.22
30/09/2020;9;180;2;0.5
30/09/2020;9;180;3;1.3
30/09/2020;9;180;3;0.49
30/09/2020;9;180;4;1.03
30/09/2020;9;180;4;0.44
30/09/2020;9;180;5;0.87
30/09/2020;9;180;5;0.38
30/09/2020;9;180;6;0.92
